time,pH,ORP
1,6.525577158,513.4171213
2,6.58703213,502.6430695
3,6.582909742,512.7210964
4,6.526867902,510.0030331
5,6.566142479,512.0261291
6,6.667810932,503.7299558
7,6.595750951,502.0251647
8,6.652705857,513.3066645
9,6.638428489,507.829277
10,6.526430801,509.7758102
11,6.535393197,505.3964428
12,6.57837859,502.3844282
13,6.542051137,501.2088922
14,6.522858037,507.2123109
15,6.661980499,503.9372933
16,6.655597206,502.9704778
17,6.587744667,505.8245418
18,6.661519493,503.1216043
19,6.60730116,504.8062679
20,6.620914112,501.1822303
21,6.681399348,513.9090592
22,6.684525864,509.3134094
23,6.534094687,506.5339599
24,6.588641696,506.1513547
25,6.54210238,500.6353078
26,6.582238127,499.2451359
27,6.718974718,513.4977846
28,6.695369652,511.0753178
29,6.715659518,500.989221
30,6.685576238,509.1234611
31,6.658730848,498.7098205
32,6.616927054,501.3072722
33,6.632171254,499.7934928
34,6.694103213,504.9275125
35,6.628309881,506.9807838
36,6.5403709,507.0579577
37,6.547996596,501.759039
38,6.710181123,506.3246373
39,6.654056044,511.2571811
40,6.575391901,504.5711619
41,6.63619074,502.1408443
42,6.729959973,501.7169273
43,6.731955443,507.3210403
44,6.571607719,503.8076292
45,6.602161817,499.1757916
46,6.547775121,498.4339766
47,6.722093562,507.5933374
48,6.555541733,507.4008455
49,6.641041901,509.4579321
50,6.584781088,510.4306336
51,6.593467176,499.1199469
52,6.745921878,511.8193813
53,6.658213093,505.2101618
54,6.559513719,507.8096924
55,6.701340775,507.4039131
56,6.740477282,499.7884737
57,6.571643246,506.0092563
58,6.706730329,505.4772732
59,6.677530299,508.7820208
60,6.730594288,498.7765668
61,6.752584859,496.986154
62,6.754065274,511.6134252
63,6.724861985,505.6941569
64,6.586848446,508.922677
65,6.623151432,505.3398512
66,6.601110606,502.9013366
67,6.592249186,505.8395476
68,6.620985399,502.4188178
69,6.693393852,506.5645
70,6.706457549,501.434868
71,6.606064681,499.6774306
72,6.618506108,509.7840258
73,6.644779597,498.1193086
74,6.697546444,496.9596319
75,6.774826245,507.8087413
76,6.706606481,498.281784
77,6.678036685,499.7514681
78,6.671749984,505.4600082
79,6.766517018,498.1572732
80,6.706610885,505.6050363
81,6.691586898,501.734746
82,6.726835097,505.7807362
83,6.766532143,506.7280421
84,6.684163275,501.439402
85,6.75137724,508.4266419
86,6.727892342,501.7420891
87,6.613545046,507.455982
88,6.633955198,502.716213
89,6.753655996,501.10031
90,6.652662627,506.4827419
91,6.683594396,508.7425518
92,6.762384281,507.1815053
93,6.608647148,497.2884121
94,6.72890631,506.9119983
95,6.669834997,500.529526
96,6.678823948,505.4481295
97,6.676249826,502.3833964
98,6.65163967,497.6297571
99,6.67742526,495.9361557
100,6.601613498,501.1124398
101,6.678857877,509.3212119
102,6.798085072,495.7026697
103,6.668349659,499.2719493
104,6.77684601,495.9095212
105,6.745549827,497.1380241
106,6.623823527,503.9350132
107,6.789173032,504.4131439
108,6.769722505,500.342862
109,6.766798587,504.6075024
110,6.662080808,498.0964993
111,6.648395655,507.9714427
112,6.71975565,501.9764648
113,6.742720274,503.2559279
114,6.684681207,506.286277
115,6.660979867,500.1207389
116,6.66619099,499.4606934
117,6.653047198,508.6209594
118,6.72033407,495.5901145
119,6.674317929,505.0772647
120,6.713232486,498.1741151
121,6.755619948,495.0499938
122,6.66174419,495.1455099
123,6.650395764,502.2796888
124,6.640937569,498.7637923
125,6.702507869,498.3408861
126,6.784501074,506.1537109
127,6.779520118,501.8458137
128,6.768213166,500.3677894
129,6.751620805,495.5567287
130,6.693459619,507.8350823
131,6.654705416,495.1466357
132,6.719772394,499.5613159
133,6.635260798,495.685098
134,6.822454508,494.1049678
135,6.683210658,505.8217177
136,6.827047777,507.501071
137,6.641594318,507.9834418
138,6.78528376,498.3419817
139,6.691756665,506.5970743
140,6.8372516,497.9488388
141,6.812542901,499.5906824
142,6.804175994,498.4032486
143,6.74049662,499.0890571
144,6.716144093,501.0783723
145,6.800177221,506.2239315
146,6.736063027,495.2380476
147,6.709313203,501.3894424
148,6.653995983,493.8211618
149,6.6820073,496.2757644
150,6.682224262,504.4519192
151,6.841204207,497.7298747
152,6.814905511,504.9283137
153,6.742632158,503.0462875
154,6.700506646,502.0096448
155,6.812305592,499.5182502
156,6.787010671,499.9098983
157,6.732459842,501.6901476
158,6.80828865,501.2502427
159,6.847760554,494.889332
160,6.84535953,492.552638
161,6.745650902,495.5270686
162,6.71224069,499.2030571
163,6.756080467,498.5524768
164,6.802234859,505.8174891
165,6.850669153,497.4110176
166,6.733065071,497.3528235
167,6.819058029,506.0791203
168,6.68280635,500.7836388
169,6.811464532,497.4561135
170,6.701510083,492.0700975
171,6.756528696,506.2517413
172,6.742525251,493.3625203
173,6.684723772,498.0203047
174,6.850911737,494.6032982
175,6.694753813,492.6138061
176,6.835249728,491.2702959
177,6.713760508,496.3820133
178,6.701852521,494.2619041
179,6.807029541,495.2480071
180,6.780437975,496.7819725
181,6.856223546,499.5029229
182,6.8102962,498.9822649
183,6.746100994,503.9513479
184,6.799268268,494.074269
185,6.882209493,497.3140592
186,6.705998068,500.1088034
187,6.779760146,491.4264383
188,6.874443912,495.5208263
189,6.809652533,495.6551294
190,6.793292865,493.4740632
191,6.854305904,494.1672191
192,6.783035981,498.5069587
193,6.873234879,498.473225
194,6.777414371,499.5023344
195,6.822929623,500.0285898
196,6.748287305,504.5917017
197,6.745030623,501.6277911
198,6.893251686,491.6994419
199,6.832104216,499.6869611
200,6.894784417,495.4876654
201,6.881624398,490.6643287
202,6.879664684,492.9118332
203,6.767745793,503.4747678
204,6.795440823,499.6222832
205,6.90290012,493.0998142
206,6.870201984,492.3262146
207,6.842715614,501.5224887
208,6.890767166,503.3278
209,6.812321751,495.9976987
210,6.813901015,496.0409523
211,6.894288346,496.4127972
212,6.787351772,493.2423452
213,6.835211736,503.0539501
214,6.724261279,498.3991051
215,6.881303499,498.3901233
216,6.87323408,499.8661359
217,6.748761037,496.1750273
218,6.848418737,500.5617254
219,6.916081775,495.0648574
220,6.775062564,502.4910467
221,6.749507216,501.2616972
222,6.881213746,503.1787438
223,6.724802523,493.5750936
224,6.88584645,500.3371718
225,6.803030846,501.5769305
226,6.819996528,492.0727905
227,6.890768011,492.0931992
228,6.862974787,499.1256193
229,6.894899623,500.1448957
230,6.778871069,502.3531683
231,6.813941899,494.4082059
232,6.877496476,497.7193132
233,6.75418179,493.6847509
234,6.883496691,497.5196136
235,6.921355822,491.3539136
236,6.793185973,493.6044351
237,6.885276601,491.6789902
238,6.74582545,497.2991132
239,6.805047761,494.8955982
240,6.821723691,496.501078
241,6.783157335,489.3885829
242,6.938171929,489.244566
243,6.775535873,499.5732944
244,6.904777821,496.0668882
245,6.834104142,500.48896
246,6.80769782,502.2197623
247,6.851014386,489.441558
248,6.766981236,500.1757515
249,6.910177867,502.003055
250,6.782573218,497.5113978
251,6.919690983,491.941501
252,6.916075409,500.5959331
253,6.792114803,497.8512188
254,6.93749823,491.0709735
255,6.869384341,497.1938307
256,6.811232644,500.5625094
257,6.793151327,496.7604619
258,6.847154598,501.9062572
259,6.927829973,487.6864175
260,6.807290605,494.8617379
261,6.834809637,494.2094136
262,6.905161423,487.8332665
263,6.810480752,496.2192869
264,6.827360897,497.2573422
265,6.926923948,500.7619379
266,6.8176563,498.7338134
267,6.83864969,492.580727
268,6.878723113,497.0425455
269,6.774287341,489.8695109
270,6.799749784,497.2999346
271,6.816119553,493.7826926
272,6.789164148,500.0531849
273,6.808234113,495.2330146
274,6.94744101,496.661143
275,6.867467843,498.8946666
276,6.966377277,493.5705007
277,6.834729805,499.1418744
278,6.946603918,497.5423775
279,6.796597515,493.1399478
280,6.878529557,499.557444
281,6.809097431,489.0185396
282,6.92272297,487.4358538
283,6.860460695,497.2276743
284,6.829116987,493.9931513
285,6.944977777,492.408936
286,6.885698052,491.5070883
287,6.884117803,489.9138513
288,6.871197729,496.3360377
289,6.902110211,487.6714994
290,6.82346623,487.4544767
291,6.811437738,488.3906008
292,6.937619848,491.4388498
293,6.826377682,496.2247359
294,6.799561555,492.0724936
295,6.889873564,497.087206
296,6.994787626,486.8841629
297,6.939366126,490.2569121
298,6.954077448,496.2534412
299,6.881884407,486.3822316
300,6.998720703,486.3684715
301,6.813828865,497.4692376
302,6.932435703,499.228004
303,6.942647269,488.3240784
304,6.838062247,496.6091294
305,6.925977137,494.3212686
306,6.932725715,497.1778749
307,6.945638695,497.5190966
308,6.947321471,498.5296918
309,6.888363416,489.6149014
310,6.884611425,494.9705342
311,6.966536043,489.0580612
312,6.992157108,490.946682
313,6.871769224,496.9620007
314,6.815489212,490.1667051
315,6.957899378,494.0394834
316,6.906006474,484.4380599
317,6.942168018,493.3475385
318,6.911841789,497.3492451
319,6.883538547,494.715223
320,7.003516844,491.9908989
321,6.979492257,496.6581339
322,6.974387086,497.3809397
323,6.864583479,497.8038805
324,6.93567347,494.6606941
325,7.006851248,485.8784099
326,6.871304535,491.2361817
327,6.836634343,496.4923445
328,6.913153804,483.7889858
329,6.838872496,494.1809606
330,6.831977637,488.2517773
331,6.848028229,490.7100344
332,7.001358438,487.594199
333,6.963197414,488.5429641
334,6.881990764,484.7719197
335,6.923902709,486.1046802
336,6.866716017,494.2239714
337,6.880255026,483.7724856
338,7.009151618,497.8466363
339,6.896456412,487.5465555
340,6.870524619,494.4815807
341,6.928670063,487.1733951
342,6.856085385,490.5372173
343,7.04076036,484.1686601
344,7.00867152,493.0215818
345,6.922158358,489.7730273
346,7.017567654,493.1199891
347,6.906184999,487.6990827
348,7.002758944,496.4283026
349,6.933166979,485.7878495
350,6.886218757,486.0831599
351,6.974231444,485.185813
352,6.994372318,496.4430415
353,6.998111999,483.471283
354,6.965651518,487.6999741
355,6.892743778,484.5887935
356,6.860927037,492.8344294
357,6.942661847,484.5763025
358,6.901265335,492.6206291
359,7.016230411,493.9542932
360,7.02826125,486.4622463
361,6.930016426,484.3348708
362,7.034295336,486.1353214
363,6.967948238,492.5580844
364,6.926044528,490.7222781
365,6.951533777,490.1785241
366,7.009910862,484.3789288
367,7.043559588,491.4161832
368,7.032804776,496.5070813
369,6.878968893,482.5350958
370,7.007227294,483.4913611
371,6.893124265,482.5097576
372,6.930415993,486.2833265
373,6.983170879,484.6924779
374,6.985154509,484.2874304
375,7.040961756,494.5190599
376,7.001323687,495.064964
377,7.018995972,482.8921879
378,7.003759888,495.1485981
379,6.915768963,493.5245177
380,6.991559061,482.1549857
381,6.910051882,493.7351249
382,7.035115771,491.5731473
383,7.00679573,483.1086694
384,6.97407993,486.4746561
385,6.911874162,491.2687031
386,7.04259164,485.6921214
387,6.943632839,485.3060658
388,6.905356015,495.2184747
389,6.894575318,492.1819822
390,6.923261973,481.1869346
391,7.078573896,492.6166858
392,6.999114659,490.479722
393,7.051315233,486.6036778
394,7.059371919,493.8587242
395,6.927095706,490.9437666
396,7.052644243,494.1255247
397,6.923916626,493.1706609
398,7.04051326,490.7332714
399,6.903869143,488.9787658
400,7.059495787,486.9072713
401,7.098681012,487.8668831
402,7.032523626,484.1677587
403,7.099681608,487.508276
404,7.044398891,481.257511
405,6.917760177,480.3175169
406,7.104650026,483.5646957
407,7.037196296,488.448967
408,6.926198048,488.3519299
409,6.940782239,484.7345312
410,6.937518573,493.3938427
411,7.086093108,482.1926046
412,6.935533145,485.5383596
413,7.080596303,493.2557353
414,7.045590905,483.7614334
415,7.003952682,481.1168633
416,7.050637406,482.6554522
417,6.923162422,482.263141
418,7.046257907,493.4204865
419,6.962172354,491.2258924
420,7.020068354,479.8941054
421,6.940366548,493.3425203
422,6.960805521,480.5909007
423,6.995953134,487.1871012
424,6.992769802,490.3697617
425,7.095963069,482.6683389
426,7.036561115,483.6917215
427,7.008999551,484.7575291
428,6.958922663,479.7498875
429,7.078921119,482.5828518
430,7.108807644,489.8832313
431,7.008341287,489.5076933
432,7.114706723,481.8963964
433,6.962694794,481.8065526
434,6.985734979,488.3581228
435,7.01438978,488.309568
436,7.012925755,492.9399195
437,7.116151004,491.9341928
438,7.043400264,486.1611046
439,7.019626206,482.8567424
440,7.007071569,488.3104056
441,6.974005207,490.8657489
442,7.034101568,481.1139156
443,6.964820022,487.8178666
444,7.088789114,489.1718995
445,7.1232763,478.2610975
446,7.104621663,479.3718729
447,7.12256776,478.6664993
448,7.073935243,485.1599876
449,6.963859546,480.6293035
450,7.094280261,479.4109771
451,7.001202335,489.1115689
452,7.031349675,479.6508838
453,7.085570483,486.9949263
454,7.125505297,485.8711892
455,7.121983416,485.0751943
456,6.982945454,478.9045366
457,7.116744454,489.7860911
458,7.087584057,492.0919526
459,6.973148528,478.1340294
460,7.118482022,487.495895
461,7.055567879,491.710468
462,7.037231607,480.1578154
463,7.160670125,487.6660996
464,7.072702326,481.7331197
465,7.001036838,491.3236708
466,7.053367362,480.811513
467,6.99346472,484.9157352
468,6.991111725,490.2266899
469,7.152745226,477.7067669
470,6.972538118,487.3067906
471,7.100378801,484.5458444
472,7.062572541,487.0606452
473,7.128108231,478.6414136
474,7.013641516,490.133312
475,7.051770108,486.2178599
476,7.140301077,484.0431077
477,7.073746832,490.871277
478,7.132513282,478.8424005
479,7.066737643,477.0933807
480,7.14123211,482.098392
481,6.996446035,484.6709838
482,7.07813965,490.0854894
483,7.174807893,485.0437484
484,7.032603244,477.5906071
485,7.000473483,488.5140875
486,7.114140904,490.5861064
487,7.058475078,489.5104811
488,7.130848565,477.0677656
489,7.069001403,486.8223781
490,7.098206623,486.3759162
491,7.110970198,486.8695353
492,7.019329403,488.1727301
493,7.077624884,480.2807456
494,7.058869846,476.7616401
495,7.124490642,482.7036871
496,7.074856067,488.9874472
497,7.183446072,475.7308498
498,7.068761819,487.5507778
499,7.191178733,475.9721919
500,7.009299403,484.6127103
501,7.067278244,483.6769517
502,7.177518738,479.3673795
503,7.199695554,477.7690361
504,7.184382119,481.0173276
505,7.00712068,485.5091545
506,7.00700089,476.2647674
507,7.095932979,481.661677
508,7.173856654,486.5764228
509,7.185091754,485.3376413
510,7.203348697,480.0380938
511,7.181611782,476.1500853
512,7.047581096,478.2976165
513,7.044056679,479.5601014
514,7.120677097,478.8619702
515,7.203267686,476.3972062
516,7.123819803,475.491819
517,7.055160368,475.8283638
518,7.086962326,477.9023084
519,7.11469518,475.3195144
520,7.210510128,480.4576663
521,7.046027591,476.1401663
522,7.106480636,476.8044211
523,7.02607213,482.318136
524,7.085959626,484.4178631
525,7.154609357,479.4798458
526,7.153124347,475.8828594
527,7.077267431,482.7325395
528,7.035208294,484.7621108
529,7.083930115,473.887381
530,7.160420561,474.1512013
531,7.072499723,476.9811123
532,7.223185843,473.6059311
533,7.195626801,478.8909286
534,7.213516036,485.5911738
535,7.064912996,486.5327029
536,7.117112736,487.9788215
537,7.064200496,477.7040371
538,7.178462495,485.0240117
539,7.225950609,485.1322745
540,7.125569903,476.8056856
541,7.23361452,480.597829
542,7.181948557,480.7343959
543,7.055268878,477.8751651
544,7.182445007,485.0579978
545,7.129669614,472.9608485
546,7.125576283,478.3092599
547,7.235506859,485.0578896
548,7.060706815,480.362454
549,7.169499002,486.9014722
550,7.178553293,483.323895
551,7.069654657,486.5958469
552,7.137060399,476.9300449
553,7.111248243,484.7408256
554,7.178148318,482.2318391
555,7.227395367,485.6892157
556,7.056946453,477.5540999
557,7.19281271,480.1671782
558,7.13587464,483.1992695
559,7.098583034,476.2658646
560,7.10032212,472.6119434
561,7.250181974,481.801424
562,7.105978763,482.5452924
563,7.080750577,484.5827183
564,7.143254023,479.68493
565,7.146147196,476.364828
566,7.166174056,483.0678578
567,7.096775984,472.4242838
568,7.160743634,486.340632
569,7.189106639,477.7126943
570,7.179548837,480.1577245
571,7.226084603,472.9755015
572,7.092043783,476.638163
573,7.144580671,485.8842518
574,7.142411867,472.3668922
575,7.173894738,477.3484508
576,7.258526194,482.0731318
577,7.095604438,477.8581268
578,7.083245106,482.1967093
579,7.091308536,481.8261847
580,7.092486433,481.728331
581,7.16711914,484.9285553
582,7.249715685,477.1374826
583,7.277107758,471.577868
584,7.212802901,472.4500924
585,7.228086952,485.6466657
586,7.153488888,474.4714784
587,7.248587441,475.5917878
588,7.242891404,476.5212015
589,7.241974191,475.2003024
590,7.097955912,485.2987421
591,7.138253587,477.5599923
592,7.155097139,484.901081
593,7.246052815,477.477495
594,7.285241851,477.3387402
595,7.229281021,479.7712807
596,7.173996626,476.932334
597,7.2514537,483.6015927
598,7.098945067,475.1404188
599,7.158912016,475.2033488
600,7.176997758,475.2217423
601,7.147014838,472.2833701
602,7.157599116,470.0628752
603,7.270051395,483.548898
604,7.222615885,474.9780232
605,7.209916657,480.4342398
606,7.303762933,480.8424665
607,7.171625874,469.9848962
608,7.190638874,480.1554362
609,7.296116952,479.5146402
610,7.22524162,476.8442359
611,7.280369637,473.0830853
612,7.221795071,471.7851862
613,7.283544293,483.227582
614,7.225464111,483.6483492
615,7.314407773,478.4662269
616,7.218480516,480.4077523
617,7.286858175,479.6529984
618,7.204364173,480.0026832
619,7.238506137,478.2206677
620,7.18450822,482.9171035
621,7.13702688,481.1998436
622,7.267661453,470.8159881
623,7.223262109,480.9796049
624,7.306806302,482.268182
625,7.321282221,478.800597
626,7.294304026,481.7319735
627,7.262207699,480.4794779
628,7.130583009,478.3436572
629,7.28078241,474.7936942
630,7.231654804,470.9616508
631,7.309731761,480.7957632
632,7.286782522,474.1808308
633,7.242397146,472.5993147
634,7.246237551,472.7500354
635,7.318656752,476.5275364
636,7.245814141,478.6019376
637,7.248195283,471.010083
638,7.24722271,468.959644
639,7.191340409,479.1993003
640,7.244750544,468.0636322
641,7.16802761,480.0887306
642,7.145145548,469.031083
643,7.298257191,474.5170516
644,7.183439225,478.5337934
645,7.302214879,481.8984799
646,7.31406019,473.168215
647,7.251574473,474.0417935
648,7.220914653,480.7039589
649,7.19263189,482.474421
650,7.291151448,475.3083728
651,7.331522537,472.0385083
652,7.197157007,479.9264069
653,7.334443776,472.2722217
654,7.317784724,472.6842184
655,7.332628722,473.1713762
656,7.338127115,475.3905167
657,7.350531052,475.9773109
658,7.276242161,472.6435741
659,7.284812228,469.1651432
660,7.278913552,468.9446569
661,7.360293734,468.7442804
662,7.284031808,479.8798773
663,7.294768824,481.7877237
664,7.207555118,468.6090745
665,7.16991332,473.1451962
666,7.214008415,477.9110287
667,7.197497017,478.1597879
668,7.226251655,466.7399195
669,7.309641626,468.4602501
670,7.186665876,472.0053493
671,7.201666273,477.4487941
672,7.28486709,473.813245
673,7.275849677,474.555374
674,7.283141053,474.2860996
675,7.189758084,475.5653114
676,7.196654641,468.4906997
677,7.287683811,479.7896813
678,7.250728136,474.0495642
679,7.286543486,476.2736778
680,7.374535492,467.6585669
681,7.246384495,477.5957637
682,7.37858841,468.7200199
683,7.35002206,467.9198665
684,7.219105529,469.000023
685,7.242006198,478.1164148
686,7.210515285,471.5699932
687,7.308265437,480.334668
688,7.263283519,474.2229957
689,7.290096402,465.6351268
690,7.250737478,479.453635
691,7.216956977,479.1157631
692,7.281256172,474.5514566
693,7.279472985,468.1460105
694,7.232387954,466.6098016
695,7.295572067,468.2270368
696,7.257026095,474.6784619
697,7.33627041,468.5744173
698,7.219964515,466.454016
699,7.239271572,467.2970942
700,7.358406175,479.2096018
701,7.324180286,467.7460812
702,7.390129851,475.8107225
703,7.256421282,466.7810699
704,7.342299801,474.5087753
705,7.377538123,465.200871
706,7.403704922,471.1300564
707,7.400874305,467.5996374
708,7.368509851,469.5282259
709,7.23174039,477.409818
710,7.392566211,476.0723187
711,7.329662638,478.0519041
712,7.328492679,475.4669645
713,7.361322261,469.3030754
714,7.366248312,475.8630375
715,7.262565055,469.7701191
716,7.288317284,472.313753
717,7.406134705,477.7490514
718,7.414635833,467.1212367
719,7.415194931,478.6887334
720,7.376378824,476.8412586
721,7.372487808,478.1316562
722,7.362170427,466.153135
723,7.416882319,469.9584225
724,7.297419151,472.5762743
725,7.341461717,464.4775065
726,7.340297438,466.2265622
727,7.371742202,478.6120803
728,7.411796455,478.5811482
729,7.342061657,468.2791361
730,7.408986578,475.2024939
731,7.234469347,475.0699695
732,7.289290892,469.7940287
733,7.349521953,474.5476314
734,7.321770866,473.292416
735,7.236735577,464.0114485
736,7.240343266,473.3843053
737,7.34732042,464.2823981
738,7.369619156,469.9545224
739,7.346605783,465.5263802
740,7.351294839,467.072867
741,7.367178306,465.3700419
742,7.43908028,463.5409479
743,7.420019648,470.2854528
744,7.398497955,465.1316457
745,7.295401425,468.3148845
746,7.271672702,474.411218
747,7.286318688,466.8297195
748,7.274282326,467.6922943
749,7.37435903,473.3221154
750,7.389129465,469.9164966
751,7.283222827,475.34964
752,7.409097746,473.3579831
753,7.386342665,472.036898
754,7.443954109,464.1363302
755,7.294531526,473.6593416
756,7.372004588,465.8968027
757,7.453001787,473.0919554
758,7.427135396,468.1126136
759,7.327134065,470.4700533
760,7.345563913,474.2531503
761,7.353299012,471.168465
762,7.429817191,472.7066574
763,7.307922447,472.3744944
764,7.265887527,471.7048768
765,7.40863414,475.7716464
766,7.269417506,468.6304303
767,7.418909176,466.79133
768,7.295480157,472.675432
769,7.368784466,465.0281394
770,7.357720387,473.1331276
771,7.346173305,467.7429146
772,7.390548972,470.2279073
773,7.342616062,473.274996
774,7.297098177,475.1974407
775,7.301845325,472.7120145
776,7.341314172,475.9860677
777,7.374499677,470.8941856
778,7.344788208,471.2861033
779,7.317645414,470.9026128
780,7.414869713,473.1987787
781,7.360694074,468.3496146
782,7.362466645,463.6130488
783,7.323657973,464.2356369
784,7.40673316,468.7943703
785,7.44527612,468.7380973
786,7.391131229,467.847924
787,7.415517396,470.7068054
788,7.416901856,472.6320193
789,7.436683358,464.5646411
790,7.291151349,467.3697302
791,7.37727188,470.8997083
792,7.359496079,461.150286
793,7.442851995,460.6402345
794,7.310654017,473.3568154
795,7.395620061,474.9460874
796,7.319471776,470.7473373
797,7.373781208,462.0586878
798,7.434033822,466.8188529
799,7.307755508,462.2111791
800,7.459841731,471.2661596
801,7.407495685,474.679683
802,7.463779635,467.1165898
803,7.349494901,461.059651
804,7.483892312,468.3310046
805,7.406200571,472.7277167
806,7.39857339,462.4916563
807,7.325457436,462.3394472
808,7.468290259,472.8992943
809,7.459577473,472.9740574
810,7.363545989,462.7167367
811,7.421424388,472.1516673
812,7.468900862,462.9562842
813,7.427907962,464.438329
814,7.341368958,467.699253
815,7.361711588,461.8642853
816,7.481956626,465.8560729
817,7.447884796,466.3154108
818,7.345663795,464.3451425
819,7.383947072,468.6831531
820,7.38356647,460.9664658
821,7.444873119,469.1398146
822,7.346068655,465.8901509
823,7.426516816,460.476481
824,7.353090185,469.8355976
825,7.383895255,465.7717746
826,7.40129943,472.4880312
827,7.511700348,472.198887
828,7.481538894,464.8469214
829,7.341343169,471.0344441
830,7.335241172,462.2841998
831,7.466663058,459.600421
832,7.438239566,473.0660047
833,7.350571785,458.9290724
834,7.412258832,471.5376159
835,7.345367423,464.6700526
836,7.349276157,471.1869233
837,7.519661044,458.9296184
838,7.4818475,459.0461433
839,7.524387026,468.1874292
840,7.370516001,464.4384013
841,7.376993999,467.5738081
842,7.541658033,464.8854686
843,7.346548145,470.7783177
844,7.528755219,464.5206744
845,7.46186496,466.0586064
846,7.40720457,470.7683153
847,7.51069041,458.1201115
848,7.484174957,472.407211
849,7.512971462,460.4335798
850,7.520909276,466.9916288
851,7.36315845,458.2495274
852,7.36024647,471.4997625
853,7.400930818,461.1664172
854,7.529963653,463.9212515
855,7.516724175,470.3679659
856,7.523055701,467.6786719
857,7.479592728,471.0905151
858,7.365464357,458.9234762
859,7.480266761,467.111762
860,7.381656971,465.8971263
861,7.541333822,463.622772
862,7.368545839,457.5315849
863,7.47972568,466.0920512
864,7.560808339,464.7760205
865,7.475376296,465.4371713
866,7.418482518,459.5768497
867,7.560226147,460.2460231
868,7.380126304,470.8413396
869,7.496282213,459.4997304
870,7.398473105,462.074885
871,7.483117923,463.1306463
872,7.506807651,464.5163626
873,7.444821075,468.9010061
874,7.38684631,459.5994463
875,7.406127551,468.2767145
876,7.524922603,471.091814
877,7.572310102,468.064
878,7.505097668,457.7859834
879,7.545233755,465.0399185
880,7.39078995,456.1378775
881,7.383041055,470.8514247
882,7.400895333,462.0553855
883,7.422626307,458.7792463
884,7.553557005,460.5348025
885,7.538003813,467.1513572
886,7.472387117,461.5743209
887,7.524940321,467.825418
888,7.580697098,470.0606678
889,7.463073968,470.3737969
890,7.456922543,466.7088526
891,7.470223581,461.7650777
892,7.550901334,468.6078299
893,7.516265361,463.8135126
894,7.448495337,461.333415
895,7.476968524,463.2891237
896,7.501929236,468.8408125
897,7.579180933,467.4728998
898,7.46690891,467.6898448
899,7.399441554,456.8770435
900,7.410918992,462.9904233
901,7.53614855,460.2676428
902,7.552557557,456.6353513
903,7.564607379,459.563706
904,7.498966947,454.9304888
905,7.509898499,467.2341309
906,7.473209505,456.4947133
907,7.551527328,464.2178622
908,7.574878979,462.1187571
909,7.557684844,458.0724763
910,7.517224443,468.9906809
911,7.534253522,467.1670541
912,7.451708287,466.9485622
913,7.593248779,468.1350959
914,7.529102173,456.4638062
915,7.501606722,457.038993
916,7.428472821,465.0610934
917,7.446758202,454.6438251
918,7.494997525,455.8184656
919,7.468753176,467.5566542
920,7.428744442,464.3073293
921,7.531873143,464.497695
922,7.498071228,464.2343474
923,7.4318526,459.8618507
924,7.450089401,464.4120545
925,7.575360554,465.1383651
926,7.581315092,459.2577506
927,7.624633949,468.3830787
928,7.446149982,466.2907599
929,7.471592575,454.5309414
930,7.521672131,455.4701222
931,7.622446584,464.5642002
932,7.503720684,456.0643489
933,7.57793461,467.0955562
934,7.630892258,459.7981553
935,7.546597437,465.2403122
936,7.618846988,461.5271086
937,7.520070122,466.1678462
938,7.439779708,459.7192311
939,7.440909643,459.6362505
940,7.470327738,466.7199945
941,7.594917809,466.8558978
942,7.616406837,458.2143108
943,7.460645033,464.9659999
944,7.454416581,461.9398606
945,7.638434612,460.3785123
946,7.491101999,459.5166173
947,7.497052657,460.5681557
948,7.570745705,460.5220032
949,7.48396314,456.3863856
950,7.639692088,453.8491509
951,7.49075962,463.6067395
952,7.458204158,455.1695669
953,7.598381702,466.5859161
954,7.572201655,463.8890601
955,7.652050945,460.4813061
956,7.506797367,453.0381933
957,7.50845043,461.2208888
958,7.528387867,463.7315202
959,7.478216558,459.9664134
960,7.621966051,458.2052272
961,7.619413381,464.2505969
962,7.488809368,462.6724958
963,7.554122154,458.1980354
964,7.483057725,466.7930105
965,7.509872554,459.6227075
966,7.62701167,458.8957242
967,7.526945859,461.6706356
968,7.665144503,459.2733933
969,7.554168818,453.810809
970,7.558391806,459.3253927
971,7.601396496,462.2946081
972,7.534241281,455.9771734
973,7.594709451,457.1621398
974,7.627171217,463.3500449
975,7.532622812,464.3347133
976,7.66216065,452.1628059
977,7.559182261,451.6390387
978,7.598663019,463.2396378
979,7.518835385,452.081752
980,7.598072591,462.5254888
981,7.612997146,457.6342052
982,7.681369964,461.2935464
983,7.496872018,454.0824186
984,7.590440592,459.7012162
985,7.627017162,461.5262685
986,7.608933819,460.8884373
987,7.55037204,460.3636402
988,7.655354284,464.1004399
989,7.638237716,453.41579
990,7.634874975,460.1032928
991,7.686641149,457.6453949
992,7.55939949,456.3447798
993,7.55353841,450.6911946
994,7.609236884,452.6029615
995,7.631110869,464.9080913
996,7.686399703,462.4725478
997,7.592146712,464.367498
998,7.613791001,450.6137865
999,7.580506058,453.1426483
1000,7.548932614,463.250095
1001,7.600769891,461.7406989
1002,7.671339877,462.3120185
1003,7.672540024,461.6890437
1004,7.590657183,454.9711132
1005,7.573376736,462.823075
1006,7.577446226,453.7619807
1007,7.584892269,449.9975433
1008,7.652002309,455.0885357
1009,7.517806408,457.8452669
1010,7.584357022,461.9224691
1011,7.675715721,454.3623894
1012,7.650230198,457.7084269
1013,7.619010918,463.1394851
1014,7.570529592,457.7885599
1015,7.597585525,459.1023267
1016,7.667319462,463.5994842
1017,7.687356275,451.8517243
1018,7.684021136,459.1997064
1019,7.565988115,452.8904741
1020,7.692544012,454.110393
1021,7.533799638,457.8824749
1022,7.619857739,449.3124376
1023,7.653369192,460.7029286
1024,7.552185135,454.4258699
1025,7.715191905,460.3192227
1026,7.598531534,461.6302206
1027,7.682562593,453.8482353
1028,7.557526783,462.4146189
1029,7.533880106,451.0226613
1030,7.675359309,450.5284338
1031,7.571839354,452.2696406
1032,7.546374091,460.4452822
1033,7.685745083,458.8911406
1034,7.573678114,451.5953332
1035,7.731660707,452.1597986
1036,7.590863545,455.0951005
1037,7.725729488,459.996316
1038,7.569518083,454.6052576
1039,7.707361461,461.872912
1040,7.638547622,455.68198
1041,7.598979001,451.1626489
1042,7.695525217,450.2799257
1043,7.724470657,448.800135
1044,7.615453914,457.5434153
1045,7.63346333,455.8981339
1046,7.726573453,454.1002342
1047,7.630494354,453.2495819
1048,7.717684784,460.7436073
1049,7.564389401,456.45258
1050,7.612092009,450.4268225
1051,7.595010573,450.707883
1052,7.73008855,452.048407
1053,7.594935044,462.1281299
1054,7.64936531,448.9419108
1055,7.62800249,452.3457292
1056,7.636105364,459.0204627
1057,7.654599025,456.2723925
1058,7.731035959,458.1898401
1059,7.609371779,452.1492244
1060,7.566581733,455.5992261
1061,7.600479951,452.2828209
1062,7.60983164,457.6662674
1063,7.682093422,454.2795098
1064,7.70613329,451.7647115
1065,7.636084877,457.8693864
1066,7.674498708,459.2090978
1067,7.689119289,451.9571873
1068,7.690116434,456.7017878
1069,7.640446629,460.2679992
1070,7.748057379,450.1901425
1071,7.738408468,452.1180922
1072,7.687804183,449.6108849
1073,7.669798322,453.3975128
1074,7.691877488,451.2356738
1075,7.651882096,457.8665079
1076,7.59006676,450.8066021
1077,7.746248152,450.2672341
1078,7.636238794,446.7546762
1079,7.66412929,450.3724581
1080,7.731507791,456.2335762
1081,7.637560966,458.5214133
1082,7.671061733,454.9083859
1083,7.67847603,457.4895112
1084,7.776896755,457.7560071
1085,7.670620742,459.1600826
1086,7.781971982,446.4813853
1087,7.695328893,448.546152
1088,7.64487001,460.0763299
1089,7.683909795,448.8993515
1090,7.735112176,457.1147306
1091,7.764520179,457.9889906
1092,7.63989728,448.6394976
1093,7.628281617,456.1338638
1094,7.711225404,446.485376
1095,7.675420151,451.8704797
1096,7.611444342,455.0041186
1097,7.747812634,445.2549828
1098,7.78357938,446.3180323
1099,7.664986522,458.9861521
1100,7.749380574,445.9452092
1101,7.655962198,445.7247386
1102,7.787180632,445.9037605
1103,7.617532599,448.8993406
1104,7.666380088,446.1232246
1105,7.761864373,459.3895482
1106,7.661841394,445.7455909
1107,7.796079543,445.9916848
1108,7.749612774,456.5095547
1109,7.701611837,445.8023047
1110,7.758289771,454.8794149
1111,7.760470984,458.1721176
1112,7.674892531,457.4302946
1113,7.774829045,447.7198466
1114,7.760391596,448.5851583
1115,7.719182048,453.6447628
1116,7.698747806,446.9911852
1117,7.736773898,454.1714291
1118,7.746415516,453.7358657
1119,7.781638515,445.7030641
1120,7.635611853,451.0135879
1121,7.660615951,451.7592697
1122,7.642544309,447.7398576
1123,7.757093144,446.9536611
1124,7.722031732,447.4111388
1125,7.693821749,457.7254981
1126,7.802457363,457.9258707
1127,7.774238392,444.0144536
1128,7.71970522,445.3486189
1129,7.744823365,444.2976115
1130,7.700962569,443.692591
1131,7.774542009,451.9531538
1132,7.694226055,445.7141039
1133,7.827454621,455.654813
1134,7.827792361,446.4951326
1135,7.809745559,450.4026506
1136,7.644319565,446.5308035
1137,7.718896773,445.5413302
1138,7.746178875,452.6873646
1139,7.749159503,449.0579834
1140,7.764425373,446.7320935
1141,7.718940237,444.4545212
1142,7.782683474,455.7994181
1143,7.693070283,446.5223605
1144,7.674692855,454.3280501
1145,7.815202891,454.3582273
1146,7.806040334,443.4685708
1147,7.834470259,448.3352053
1148,7.694264275,451.7014055
1149,7.811695012,445.336195
1150,7.694858675,455.5134891
1151,7.822565633,447.2671171
1152,7.6697593,453.9457168
1153,7.812974466,455.2846466
1154,7.823187001,448.805845
1155,7.665405802,447.6550552
1156,7.849646247,443.1407564
1157,7.760233725,447.5646592
1158,7.703007615,455.8871227
1159,7.700706379,442.5332697
1160,7.734977809,450.3636769
1161,7.685988145,451.1653062
1162,7.710174851,453.7629034
1163,7.842130111,447.8831593
1164,7.801299252,447.6848667
1165,7.74982716,452.4111098
1166,7.748303791,445.874689
1167,7.734078508,445.4557028
1168,7.670403119,452.7129973
1169,7.713042128,454.3891956
1170,7.859519398,453.9596988
1171,7.822752059,450.6877159
1172,7.837171295,449.9544083
1173,7.794428084,451.3560799
1174,7.806100215,455.845563
1175,7.757039967,453.4656588
1176,7.697503165,455.5341241
1177,7.768127087,449.5538697
1178,7.763143338,451.6567821
1179,7.854871886,452.320886
1180,7.728242845,453.5005217
1181,7.860844172,453.5648605
1182,7.811042988,446.8769734
1183,7.838161552,449.9914273
1184,7.732785918,453.2952071
1185,7.837567056,442.5829215
1186,7.747988409,450.4661252
1187,7.707095336,449.0710093
1188,7.75098382,443.9255204
1189,7.815843523,455.1401194
1190,7.845559571,453.4561666
1191,7.782723682,450.2115455
1192,7.823159658,454.0366414
1193,7.740475488,444.5080161
1194,7.79851884,447.3891691
1195,7.76746208,453.2461186
1196,7.836002642,443.5361471
1197,7.787959581,442.9754561
1198,7.896511492,446.6542923
1199,7.760408691,449.5024062
1200,7.752836906,446.8185349
1201,7.759592847,444.9591799
1202,7.894647194,449.2997992
1203,7.863949009,454.4712731
1204,7.87005305,451.4441379
1205,7.896082462,451.7566236
1206,7.895318395,448.6540281
1207,7.898219377,449.5726592
1208,7.782434482,442.3215345
1209,7.715949517,446.7868913
1210,7.808488368,447.3759941
1211,7.857551128,451.9717916
1212,7.843691462,452.6800919
1213,7.739258179,449.4576705
1214,7.882609049,445.2636855
1215,7.756151842,447.7655579
1216,7.878120211,451.6908289
1217,7.77687798,451.6715373
1218,7.822542743,444.3463021
1219,7.816189054,453.774847
1220,7.799965552,446.4420324
1221,7.857861659,443.0700221
1222,7.810889466,445.3987784
1223,7.824732631,445.6456121
1224,7.895769512,448.8887324
1225,7.917922522,450.4502795
1226,7.755191075,441.582787
1227,7.836998593,453.4452016
1228,7.922705305,448.8288425
1229,7.775634735,447.3066825
1230,7.874866518,445.1210991
1231,7.834323639,452.5314481
1232,7.926103292,445.8724054
1233,7.747607175,442.3005991
1234,7.902197789,444.4279899
1235,7.789478564,443.5347761
1236,7.755264129,450.2541518
1237,7.925621938,450.5015357
1238,7.786161344,447.6299127
1239,7.850444544,442.8799472
1240,7.871336518,447.4339423
1241,7.810110949,443.1585118
1242,7.811019049,439.6681214
1243,7.934418246,448.4384253
1244,7.750783931,450.2475006
1245,7.807672562,442.8599784
1246,7.837440387,443.6731967
1247,7.748928841,444.4470394
1248,7.7946547,446.8946022
1249,7.897975011,451.869878
1250,7.776152272,438.60147
1251,7.933472929,445.3679074
1252,7.933701377,446.4735279
1253,7.786185959,448.6483853
1254,7.88488092,446.414916
1255,7.771385626,437.9130172
1256,7.933388144,444.7458724
1257,7.933738244,438.1226472
1258,7.785971747,449.9466666
1259,7.821561945,448.2714644
1260,7.81198798,439.7211253
1261,7.915614215,443.5140282
1262,7.768818329,450.1607196
1263,7.850852502,446.8558474
1264,7.949532966,439.1104602
1265,7.864065915,438.5146993
1266,7.80862424,439.4803413
1267,7.938760412,451.5361179
1268,7.962500335,440.2864634
1269,7.825835669,448.6842779
1270,7.86566478,439.0431894
1271,7.835081559,441.5321046
1272,7.964615854,445.4508664
1273,7.96970247,442.5979896
1274,7.932710037,449.1424697
1275,7.791233311,443.2343482
1276,7.96434718,445.4293566
1277,7.78050823,448.8015392
1278,7.830761767,447.6018275
1279,7.896334824,447.1160009
1280,7.839945619,441.4254831
1281,7.836923717,448.9354103
1282,7.950898101,441.3101699
1283,7.936028293,444.0364679
1284,7.894549741,444.0748181
1285,7.88842113,450.1189676
1286,7.837550222,445.4290852
1287,7.832553299,446.9857458
1288,7.880966206,449.5786152
1289,7.963668938,439.3871753
1290,7.881531957,446.3155676
1291,7.984701766,436.9798865
1292,7.947545776,445.6724876
1293,7.975001956,438.0795924
1294,7.887273083,442.045914
1295,7.911762186,448.3966416
1296,7.84721253,443.8616323
1297,7.888115544,447.5417011
1298,7.837032793,448.7979235
1299,7.920205238,437.4511412
1300,7.978978421,441.4488852
1301,7.94381037,437.5494546
1302,7.828771656,444.9088004
1303,7.902465722,437.4171916
1304,7.973071457,439.1137967
1305,7.907135735,435.8438725
1306,7.961468905,441.3528904
1307,7.896054092,445.5817655
1308,7.978176439,436.2935634
1309,7.928499668,442.161632
1310,7.955393243,436.8496044
1311,7.882071826,442.3554821
1312,7.844065347,448.885135
1313,7.97695681,436.901999
1314,7.8226618,447.8070942
1315,7.837085633,439.5294935
1316,7.94794746,438.3848272
1317,7.887870084,436.0488046
1318,8.001456867,435.3042694
1319,7.986179545,443.2653718
1320,7.929643003,437.4243549
1321,7.937478886,441.9747397
1322,7.828924056,436.6206952
1323,7.994408032,438.1233543
1324,8.017486274,434.2997562
1325,7.90328785,435.7151758
1326,7.867474146,441.5459973
1327,7.855574983,444.4372059
1328,7.840481441,433.8774484
1329,7.935422081,439.1525674
1330,7.856266771,445.5552984
1331,7.847689695,446.4073477
1332,7.974118037,433.707554
1333,7.847110998,437.9515817
1334,8.019672644,434.0895657
1335,7.887766344,438.9301606
1336,7.881421109,446.0567197
1337,8.023205543,436.4889247
1338,7.854267137,436.4367502
1339,7.986816133,436.4615913
1340,7.861812273,447.5419445
1341,7.848141037,446.8760167
1342,7.949328892,444.4990399
1343,7.898351359,441.9790165
1344,8.030568839,435.1939287
1345,7.925172665,444.7163413
1346,7.879122126,439.6593079
1347,7.882181361,434.6035958
1348,7.991497493,442.1846079
1349,8.034851705,437.6920635
1350,7.869128908,443.5891416
1351,7.985520474,434.1711901
1352,7.886855406,437.8517051
1353,7.892161132,443.7535541
1354,7.871295361,443.0513189
1355,8.031244991,445.0418899
1356,7.984570538,436.1800598
1357,7.888915516,445.3512775
1358,7.936990104,441.6081587
1359,8.015314541,432.8733882
1360,7.877485248,439.1946262
1361,8.014159352,437.69031
1362,7.968527518,445.4415185
1363,7.981486145,437.5323016
1364,7.961542432,440.8241202
1365,7.973186535,441.6958191
1366,7.976303376,439.1185069
1367,7.918741075,440.4862188
1368,8.021033328,445.4904491
1369,7.999146026,434.8583284
1370,7.962221118,434.9268487
1371,8.035315842,444.7610302
1372,7.905197375,436.0312872
1373,7.896351754,442.3643513
1374,7.878158316,438.3401094
1375,8.002457037,444.0243394
1376,7.991648737,434.1198373
1377,8.007388605,437.3442837
1378,8.065711555,441.0357248
1379,7.914840674,441.2160912
1380,7.881374699,438.0403761
1381,8.011565115,443.0877358
1382,7.951974796,440.6759598
1383,8.068133575,437.7446048
1384,7.96769474,436.8680412
1385,8.01276894,439.6441236
1386,7.989067722,439.1517109
1387,7.988385464,435.6038715
1388,7.900736015,436.1313329
1389,7.971678406,432.5197881
1390,8.018111156,436.0697547
1391,7.957295914,431.966924
1392,7.984794704,438.7850963
1393,8.028819501,437.6459289
1394,8.063044513,433.5748616
1395,8.021069454,437.1181075
1396,8.094214516,441.278358
1397,7.91397994,433.9203908
1398,7.965807782,434.7161475
1399,7.932610141,437.5725169
1400,7.948880758,434.5913192
1401,8.010290866,441.1500039
1402,7.93411672,436.3057928
1403,7.934833882,443.8289078
1404,7.93804079,435.9329504
1405,7.913730884,435.1025772
1406,7.908536881,443.3760145
1407,7.956819112,442.7170053
1408,8.019340915,432.1860329
1409,8.0556414,437.097283
1410,8.03318826,433.6641596
1411,8.037853805,436.03939
1412,7.934405543,443.2859021
1413,7.995112482,436.9731494
1414,8.100042188,439.8933155
1415,7.92569043,442.2151169
1416,7.956588608,433.6823365
1417,8.002817305,430.8405474
1418,8.038751933,440.1569643
1419,8.108734258,435.4143273
1420,7.96611595,431.9427539
1421,8.066354269,438.9381336
1422,8.002846964,430.0212955
1423,8.020119426,436.5594385
1424,8.004907889,434.4168179
1425,8.115932991,430.4045986
1426,7.943789985,430.5126933
1427,7.935147148,429.8060095
1428,8.045338917,440.2198092
1429,8.024029546,430.6705302
1430,7.961088811,440.9365832
1431,8.025694392,436.2810975
1432,7.974459505,431.6076319
1433,8.070994899,434.0311538
1434,8.071327838,434.5357157
1435,8.065770931,439.0146613
1436,8.076436888,435.04948
1437,8.11981124,440.7853252
1438,8.011905913,432.5593101
1439,8.019291743,431.9507932
1440,8.020030274,432.7322797
1441,7.952285221,428.2868003
1442,7.980226627,431.9389855
1443,7.968180193,428.5465832
1444,7.957486618,429.5745183
1445,8.068961215,431.2425706
1446,8.031159193,437.5515763
1447,7.960357314,432.8181057
1448,8.004743263,427.9765379
1449,8.114249128,441.263781
1450,8.057331925,427.712185
1451,8.002406615,430.2968785
1452,8.009033734,429.9536991
1453,7.975009083,437.0069337
1454,8.105318518,434.397186
1455,8.126051612,435.7747931
1456,8.139870817,442.13721
1457,7.997526567,428.8219197
1458,8.127800112,436.2932414
1459,8.118231702,428.674359
1460,8.037749759,434.0464749
1461,8.09823112,432.8114696
1462,8.126992877,428.0416569
1463,8.097935561,439.253494
1464,8.120395234,434.3149347
1465,7.992988552,436.6896785
1466,8.116503885,427.5916464
1467,8.093404609,438.2143523
1468,8.162577822,436.8902021
1469,8.081351378,433.2913896
1470,8.167091722,439.9333131
1471,8.071059055,440.6053636
1472,8.114875811,432.2776415
1473,8.125717606,433.1016123
1474,7.98304696,434.1722266
1475,8.049108147,439.938498
1476,7.987081945,428.2806426
1477,8.077637738,434.8446619
1478,8.005094995,432.1745994
1479,7.986603604,428.7932164
1480,8.129393432,439.8641165
1481,8.103883778,433.4307286
1482,8.11646994,427.2384549
1483,8.165612469,435.922874
1484,8.047728296,432.9095816
1485,8.136721693,437.7613178
1486,8.006953231,434.3487429
1487,8.028826309,437.770597
1488,8.018452912,427.0815902
1489,8.137632913,425.7921817
1490,8.024387894,426.089799
1491,8.010161131,435.1162514
1492,8.041917534,433.6726163
1493,8.111594866,437.41725
1494,8.1405164,431.3708136
1495,8.024278913,438.1943013
1496,8.090717317,439.6284799
1497,8.105704226,428.038669
1498,8.008749986,428.1622779
1499,8.150557033,439.9269055
1500,8.175143768,432.968847
1501,8.11673335,428.0430521
1502,8.048722519,434.864881
1503,8.020996612,436.4201778
1504,8.043696948,430.2385592
1505,8.150349617,431.2064466
1506,8.04303251,438.750082
1507,8.081725574,430.3149038
1508,8.024643934,425.128264
1509,8.162314695,431.552237
1510,8.204136869,430.5113761
1511,8.131410831,429.8546574
1512,8.055183663,430.0071822
1513,8.042728764,437.8763389
1514,8.097693028,426.2585603
1515,8.08526257,424.7412956
1516,8.159209686,436.8311771
1517,8.150804174,433.3535036
1518,8.21011819,437.3644943
1519,8.051254299,428.9232262
1520,8.084998813,437.7888601
1521,8.14317592,432.67704
1522,8.219212329,429.8271948
1523,8.202768234,435.7708298
1524,8.04122801,433.8313563
1525,8.112200434,430.6429096
1526,8.055120851,437.9981405
1527,8.059639909,434.1710039
1528,8.068334091,438.5725591
1529,8.112464367,430.0395709
1530,8.050497869,424.5215053
1531,8.119706382,428.0551954
1532,8.045558462,428.9984027
1533,8.129802467,429.2995524
1534,8.084150131,438.2948149
1535,8.085935605,434.369921
1536,8.066832767,432.7827355
1537,8.197972449,424.9842112
1538,8.142807816,428.7036343
1539,8.169918749,423.8385694
1540,8.129646061,425.0088141
1541,8.196870006,425.0859933
1542,8.111202126,437.5159875
1543,8.233434674,430.1226826
1544,8.175438064,436.1282358
1545,8.198148587,430.3373265
1546,8.216188529,429.5510785
1547,8.06211281,436.5445473
1548,8.094241167,426.0096825
1549,8.187781175,433.5151649
1550,8.194511749,436.9349745
1551,8.150289032,430.5563521
1552,8.082041279,436.5099517
1553,8.152312872,429.0543036
1554,8.244953565,425.6949966
1555,8.231949158,431.2586598
1556,8.132356797,429.1873224
1557,8.101054358,433.4222241
1558,8.090351035,422.1224502
1559,8.085945355,431.4562273
1560,8.138674698,429.4504475
1561,8.067741218,428.7287344
1562,8.251957685,431.3935191
1563,8.099766464,434.1195619
1564,8.135154734,430.8877398
1565,8.199234273,435.4249064
1566,8.165948856,436.607783
1567,8.152241814,422.5348753
1568,8.196091307,436.2002373
1569,8.139707554,426.3839649
1570,8.260239813,421.9256599
1571,8.227001415,430.4484935
1572,8.2372258,421.4661083
1573,8.100686479,426.1906403
1574,8.15578717,431.2804274
1575,8.11419088,432.0336536
1576,8.242974213,427.6961986
1577,8.270010406,434.3943385
1578,8.159632717,433.9600828
1579,8.185678808,425.8063699
1580,8.101294019,421.8665815
1581,8.2808142,428.0697172
1582,8.254784088,430.6219752
1583,8.13933963,426.070653
1584,8.115006503,422.6439132
1585,8.086431569,433.0745054
1586,8.089333625,430.4631532
1587,8.19839048,421.7434859
1588,8.247680266,422.2702562
1589,8.207489495,432.5447908
1590,8.218761549,433.4400861
1591,8.189448875,430.3338903
1592,8.261463587,433.788435
1593,8.148183087,425.8589426
1594,8.149225638,432.0403101
1595,8.286771215,425.2490096
1596,8.240567396,423.0449998
1597,8.274653771,432.9096697
1598,8.210267817,423.6444263
1599,8.155307132,423.8520838
1600,8.122363784,420.6499612
1601,8.127094275,433.333363
1602,8.12001944,430.856792
1603,8.196710026,422.27285
1604,8.230503422,427.1642725
1605,8.280875502,432.8418356
1606,8.305612528,429.09989
1607,8.197463646,421.205576
1608,8.16809487,421.9642404
1609,8.142324367,427.5188724
1610,8.264863966,428.9871937
1611,8.275083861,428.1397907
1612,8.256625755,421.3782135
1613,8.163819182,432.8304982
1614,8.259238181,423.0851749
1615,8.121598247,428.1688284
1616,8.156325882,425.9481546
1617,8.282641737,426.6425977
1618,8.195760605,421.3688254
1619,8.23529743,426.9668024
1620,8.227580718,426.3264098
1621,8.243516237,420.14797
1622,8.244852473,427.9369665
1623,8.241187607,421.7034653
1624,8.159239947,420.9592117
1625,8.306824497,419.7737829
1626,8.218077879,430.9956744
1627,8.160896529,425.9823842
1628,8.224458009,421.1174793
1629,8.286006278,432.2815946
1630,8.290619403,425.1478789
1631,8.231532857,419.5958544
1632,8.197158961,429.1671246
1633,8.184553803,428.1928008
1634,8.248255624,423.387268
1635,8.193508491,431.7185286
1636,8.293414624,425.6829929
1637,8.248914642,419.827172
1638,8.254409788,422.2336184
1639,8.234111938,423.7911683
1640,8.32307903,422.3140093
1641,8.236966237,421.6424288
1642,8.31981524,426.9147026
1643,8.266967067,427.4783053
1644,8.147708067,419.0864393
1645,8.234363063,427.9869455
1646,8.213978299,426.975955
1647,8.341606174,431.6934444
1648,8.213363954,419.4302968
1649,8.21049503,419.7060793
1650,8.303963967,427.0335814
1651,8.211042416,428.5803997
1652,8.193774359,426.4154724
1653,8.351864767,420.8135893
1654,8.198927116,420.4940255
1655,8.259746279,422.8112183
1656,8.237769891,420.0306415
1657,8.260911519,425.9890287
1658,8.339183684,419.9135081
1659,8.303360004,419.5455054
1660,8.166189801,420.8639539
1661,8.337697249,424.3035233
1662,8.269706727,420.8339226
1663,8.23262187,418.6385661
1664,8.348854633,424.1872173
1665,8.237405815,422.4687015
1666,8.281738808,425.2005818
1667,8.278203502,420.8522249
1668,8.292165181,421.4371682
1669,8.228303367,430.3086187
1670,8.269654958,421.6261954
1671,8.301153266,420.0655866
1672,8.232425575,426.8816091
1673,8.252812948,431.3341974
1674,8.229434843,430.4001921
1675,8.195469142,427.3780448
1676,8.20256326,426.6047461
1677,8.343896391,420.2373424
1678,8.185551039,430.2013711
1679,8.305910708,421.0494082
1680,8.266981196,423.9544194
1681,8.283957258,422.1109344
1682,8.307635607,428.9520983
1683,8.302010112,422.7327208
1684,8.249205825,424.917635
1685,8.279824979,425.0902645
1686,8.345482366,421.7106249
1687,8.374597371,425.5267747
1688,8.385489165,427.7523661
1689,8.226554731,427.1581799
1690,8.19202508,428.4189061
1691,8.249094842,419.4981208
1692,8.3579045,417.7355926
1693,8.28751931,420.7128538
1694,8.218184301,427.5572665
1695,8.284125862,425.2347571
1696,8.338194926,422.8093632
1697,8.210309989,421.9423944
1698,8.336202152,423.0777146
1699,8.2693335,427.039808
1700,8.378573795,427.8066789
1701,8.357978524,428.7336416
1702,8.367439508,421.1861032
1703,8.262427425,420.0383407
1704,8.272729419,422.8572682
1705,8.339749018,417.4870522
1706,8.366313075,424.2586727
1707,8.35200315,419.4680862
1708,8.265025476,417.512881
1709,8.370264742,416.5807492
1710,8.22376586,414.7847892
1711,8.259480833,414.6185171
1712,8.259554899,427.7594109
1713,8.354255071,427.248033
1714,8.385770992,422.4587532
1715,8.242239195,420.3589516
1716,8.382567757,427.3076745
1717,8.371183726,426.3112399
1718,8.348872794,426.0290372
1719,8.228738311,425.9623592
1720,8.241670069,426.4091264
1721,8.363091254,414.0379809
1722,8.376239916,426.0774413
1723,8.407554497,427.6132519
1724,8.260344299,416.8830604
1725,8.27999193,421.8297767
1726,8.3799871,416.4036562
1727,8.318090882,419.423037
1728,8.392374015,421.5464479
1729,8.263163088,426.6210582
1730,8.378364331,425.6424228
1731,8.394741659,416.1281301
1732,8.259506112,422.2659048
1733,8.378756194,414.8609389
1734,8.29131668,413.6278904
1735,8.432382419,427.6965071
1736,8.398699213,427.9435552
1737,8.385798451,423.3164429
1738,8.434958564,426.0686066
1739,8.266826057,421.937664
1740,8.248994279,418.1282999
1741,8.313628726,426.0069839
1742,8.283880971,419.4054442
1743,8.361114732,423.9234201
1744,8.28200783,413.905158
1745,8.348934263,417.7379115
1746,8.251235931,419.6443974
1747,8.375120076,417.3651428
1748,8.319181355,420.46387
1749,8.398169224,420.5042911
1750,8.387800541,425.2235488
1751,8.34968056,419.7501088
1752,8.36056786,421.7359964
1753,8.41071157,417.2568184
1754,8.381962453,417.7879788
1755,8.41896062,420.4869688
1756,8.401870282,418.4779137
1757,8.322119559,421.5310345
1758,8.441333209,412.1844074
1759,8.389278783,417.03005
1760,8.264453293,424.6900901
1761,8.424229755,426.9036655
1762,8.36457386,422.5112866
1763,8.407836887,423.8962468
1764,8.333706251,425.9960688
1765,8.285326597,423.1556501
1766,8.350274201,417.7792937
1767,8.301918803,422.9215424
1768,8.410157898,424.8466565
1769,8.455211455,423.4180256
1770,8.31473773,419.6826084
1771,8.417849709,414.9309124
1772,8.447400575,419.7576717
1773,8.393889675,411.3770287
1774,8.332813119,412.0751869
1775,8.411455083,417.944743
1776,8.377425794,415.1793584
1777,8.381288276,423.6869472
1778,8.431763675,414.8047975
1779,8.459210944,415.5547165
1780,8.472696898,421.1829552
1781,8.288992237,412.8186673
1782,8.398609332,421.8165415
1783,8.480419478,411.5878749
1784,8.423253226,420.4838101
1785,8.393055759,419.9258307
1786,8.321669865,421.9651975
1787,8.426180579,420.9399064
1788,8.431434848,413.4968622
1789,8.335535396,419.4499458
1790,8.422982706,412.0533892
1791,8.37280799,414.7241278
1792,8.414574953,425.2877196
1793,8.316797711,419.2801845
1794,8.315747667,419.8342249
1795,8.30815882,420.8456841
1796,8.424632708,410.2029144
1797,8.334418256,422.2898424
1798,8.409338898,414.1474048
1799,8.337234916,416.5052906
1800,8.329518963,415.7514995
1801,8.34692204,417.0295071
1802,8.341503633,416.8975497
1803,8.463406534,421.4311109
1804,8.503825775,413.0170049
1805,8.403816162,416.5899126
1806,8.43501376,419.3741299
1807,8.328958598,414.1749228
1808,8.504486786,411.5836251
1809,8.50804316,409.5602922
1810,8.346897248,413.9152635
1811,8.437986519,414.94142
1812,8.318021217,418.025688
1813,8.463655079,411.5875683
1814,8.452890006,411.7768787
1815,8.391226946,415.3090347
1816,8.508148012,417.8147187
1817,8.354445775,409.6427433
1818,8.492995216,410.1905082
1819,8.334163465,423.1464207
1820,8.452017858,423.9978871
1821,8.331103934,413.6318666
1822,8.455795224,414.2318343
1823,8.451837476,419.1576951
1824,8.490552833,410.7982734
1825,8.377105413,421.2001544
1826,8.498607964,418.0645981
1827,8.506946446,415.7431396
1828,8.385655161,416.2845327
1829,8.435333904,409.4857033
1830,8.390010861,417.3434872
1831,8.459235817,418.397417
1832,8.504897202,408.8700727
1833,8.397765318,410.827473
1834,8.525180156,410.9611703
1835,8.343338666,416.9914292
1836,8.44004937,419.1044858
1837,8.524025823,409.3051915
1838,8.502162152,416.2979044
1839,8.496774276,416.5651553
1840,8.461866415,411.2131482
1841,8.480194211,408.1407176
1842,8.466953449,411.2617102
1843,8.424436491,410.9330218
1844,8.540955391,416.5522144
1845,8.497858222,415.7122864
1846,8.35690587,411.1537191
1847,8.3973903,417.3316061
1848,8.415411955,414.6391287
1849,8.479271402,422.5326511
1850,8.404034981,421.0752513
1851,8.395141318,415.5269876
1852,8.390568328,412.3700489
1853,8.368514623,416.8340306
1854,8.443890641,410.5105979
1855,8.513731729,419.8373407
1856,8.413902154,413.0734101
1857,8.462302907,421.9497683
1858,8.4804008,418.1810198
1859,8.542845126,411.4785736
1860,8.543570138,419.8970173
1861,8.420925799,407.3716791
1862,8.547007886,416.4618637
1863,8.406298996,411.013762
1864,8.475286848,408.4399865
1865,8.471727042,408.1596967
1866,8.547402418,412.7978093
1867,8.418961579,410.9043867
1868,8.472452601,412.2766405
1869,8.375525807,408.7513329
1870,8.382361807,420.5601224
1871,8.414400987,410.8057951
1872,8.522403643,413.2425725
1873,8.403611669,415.6535608
1874,8.532260822,406.5386841
1875,8.515358983,407.481281
1876,8.574561045,413.5584275
1877,8.537401727,412.3768747
1878,8.53884878,408.3187772
1879,8.423325862,420.2170782
1880,8.486244901,416.3291891
1881,8.415300154,417.0489487
1882,8.460148587,408.9474981
1883,8.469732681,407.864749
1884,8.52924909,419.7656408
1885,8.427681219,414.1767963
1886,8.554963071,416.3446413
1887,8.502193162,416.1121968
1888,8.535722266,409.8063287
1889,8.505756442,412.0440569
1890,8.445661231,420.3291913
1891,8.4910512,417.5790956
1892,8.496995496,413.2412275
1893,8.502667817,407.9368213
1894,8.416326318,405.9003263
1895,8.404906876,407.5532411
1896,8.520004749,410.2002705
1897,8.590428269,419.6903895
1898,8.568421938,414.6559549
1899,8.454595576,411.3681347
1900,8.548962293,406.5034873
1901,8.600384223,418.7117427
1902,8.50640443,407.3054081
1903,8.436217364,410.6600903
1904,8.59809485,419.4062726
1905,8.535662314,412.6826418
1906,8.574859357,416.0048649
1907,8.521533571,406.246231
1908,8.487468443,414.7776536
1909,8.424047813,409.6937912
1910,8.564901541,411.8927773
1911,8.581877323,418.3964018
1912,8.49789224,413.523196
1913,8.449443279,417.3255955
1914,8.452773178,418.6043122
1915,8.497343452,412.0283383
1916,8.488319725,405.2316837
1917,8.457058514,410.6162582
1918,8.442184542,408.538781
1919,8.533727736,405.8455928
1920,8.618992043,411.8472924
1921,8.594946195,409.7907749
1922,8.462652105,412.4026122
1923,8.478907501,410.7112068
1924,8.474620817,406.7475375
1925,8.561455887,417.5848312
1926,8.474878828,414.3680634
1927,8.605561804,404.9054045
1928,8.556305038,407.1861949
1929,8.480454134,417.5403072
1930,8.606884348,416.756932
1931,8.593806977,406.4778123
1932,8.490157286,410.4762687
1933,8.571803147,417.4319175
1934,8.624002271,411.7932492
1935,8.612081495,414.0350909
1936,8.603646852,414.0353582
1937,8.56237596,411.1950668
1938,8.469344552,408.6698482
1939,8.465772147,406.4140305
1940,8.631921359,414.9803615
1941,8.542809004,413.1473152
1942,8.547490648,404.1535635
1943,8.542414578,409.8479919
1944,8.529637497,416.030882
1945,8.472655386,416.8218894
1946,8.637320976,411.6963139
1947,8.634422803,406.9743233
1948,8.580175415,408.6547179
1949,8.617842769,404.5889438
1950,8.556027893,413.6284146
1951,8.560831465,414.5855586
1952,8.511187291,414.6247774
1953,8.509087913,404.1648
1954,8.472944421,405.815859
1955,8.575542015,407.5630841
1956,8.495629598,410.4050057
1957,8.507962775,406.8105784
1958,8.516873892,411.4234868
1959,8.592738895,416.7722387
1960,8.531438827,404.7597951
1961,8.521725833,412.6336041
1962,8.499796853,410.6840707
1963,8.562423723,409.6878587
1964,8.597578534,404.4785297
1965,8.529850056,413.6696203
1966,8.520215144,412.1450509
1967,8.665755797,411.2123769
1968,8.667351729,404.4284995
1969,8.480679703,405.2303626
1970,8.581146041,414.1275068
1971,8.522517707,412.180915
1972,8.62440825,412.8212196
1973,8.50381362,404.6851216
1974,8.634419983,410.9943894
1975,8.651018901,401.2544292
1976,8.58916358,406.0221706
1977,8.498116396,404.6027087
1978,8.635605074,402.5109918
1979,8.513786649,407.3170905
1980,8.656554828,407.1868681
1981,8.518517651,411.87753
1982,8.637833451,404.5789395
1983,8.561025118,415.077468
1984,8.683088223,410.488288
1985,8.569459078,411.6870459
1986,8.552664966,404.1965343
1987,8.487796105,403.6671122
1988,8.656380289,406.1322052
1989,8.672853552,406.5647936
1990,8.517893747,408.4471708
1991,8.518028428,403.0101954
1992,8.494470966,410.9364142
1993,8.619298096,400.8632385
1994,8.659291499,412.571909
1995,8.610194269,413.5942851
1996,8.637908994,412.923779
1997,8.696939452,411.7895096
1998,8.655735815,409.0556739
1999,8.534470721,403.2523245
2000,8.659290232,410.6849845
